experiment_id,experiment_type,Q1,Q2,Q3,Q4,Q5,Q6,Q7,Q8,Q9,Q10,Q11,Q12,Q13,Q14,Q16,Q17
cbb8548d-52c0-4b86-b39c-9b20c85e1fa0,0,7,6,5,7,7,7,7,7,5,4,4,7,6,7,7,7
3740bdee-8860-41c3-8d68-b6efbb96bd9f,0,5,6,4,6,7,7,6,7,5,7,5,7,6,6,7,7
f17adced-df35-453f-847b-004df119d88f,0,6,5,2,5,7,1,7,7,5,2,4,6,4,6,7,7
e22e6ca0-aca2-48e6-92a4-07203591f266,0,6,2,1,7,7,7,7,7,5,6,4,6,6,7,7,7
79b61be5-176f-41c8-ae82-45f1d5566d01,0,7,7,2,7,4,7,7,7,5,7,6,7,7,6,7,7
ce5bf1dc-15ac-41b7-a3ae-100a3bebfb6e,0,7,7,5,5,5,7,6,7,5,6,4,6,6,3,7,7
6ce629b4-931d-47a9-9da2-6b18efe476bf,0,7,7,3,7,6,7,7,7,5,7,6,7,7,7,7,7
817b4ea5-f103-4ef2-bb73-d980c057680f,0,6,4,3,4,5,6,7,5,5,7,4,5,4,4,7,7
e3e8799a-8e4d-4cf7-b92c-62888fb12824,0,6,6,5,2,2,7,7,7,5,5,2,5,4,5,6,7
f4498d49-690c-4ac6-b23e-f3d82cce3784,0,4,1,2,5,7,7,4,7,5,6,4,4,4,4,1,7
ce7c1b76-63b5-4890-81a6-b29a9ab99432,0,6,3,6,7,6,7,6,7,5,6,6,7,7,7,7,7
a0c0a6fe-ca11-4776-8565-2a1d18fd4b54,0,6,7,2,7,4,5,6,7,5,7,4,7,7,7,7,7
1bb39696-2c18-4802-8f5a-c14f4a93d9e8,0,6,7,7,7,7,7,7,7,5,7,3,6,6,7,7,7
a53806fe-4636-4541-ac44-2d3e74918a27,0,7,6,7,7,5,7,7,7,5,7,4,7,6,7,7,7
6f67727a-e79e-43b6-b74a-db81f3f36988,0,2,1,1,3,5,7,3,1,5,6,4,4,4,1,7,7
98ff98e9-0065-4479-8655-d503fc54499f,0,7,7,7,7,7,7,7,7,5,7,3,7,7,7,7,7
e086d2d1-9652-4ae0-81cc-c5c44eed79f2,0,7,7,7,7,6,7,7,7,5,5,3,7,7,7,7,7
816b95b0-51c3-4c74-bfbb-08cfe7bde3ba,0,7,7,7,7,7,7,7,7,5,6,2,7,7,7,7,7
251c18f1-0914-49db-b06c-139a31a877bb,0,7,6,5,5,6,6,7,7,5,5,5,6,6,7,7,7
586afed8-5f9c-44ec-b813-6c63505d5f6b,0,5,1,1,2,5,7,4,1,5,6,5,1,4,1,7,7
93ce4de2-482c-41bb-b214-9c1c368201f3,0,6,4,1,4,5,5,6,7,5,5,4,4,4,6,7,7
4f546aca-b73e-4050-96b0-5b06bb25b930,0,7,7,6,7,6,7,7,7,5,7,6,7,7,7,7,7
aeab3ac0-68c6-4e49-a0d2-74f1d80134a4,0,7,7,7,7,5,7,7,7,5,6,5,7,7,7,7,7
8741cdde-a25b-4350-b6d5-764aa0798cbf,0,3,5,1,7,7,7,7,5,5,3,2,3,3,6,7,7
c4f2f4c0-426b-4f80-9dbc-ce3f24c479c5,0,4,4,7,5,5,6,7,7,5,6,4,4,5,1,4,7
f206c24c-c8ec-4248-8aec-80c84c1cd2b9,0,7,6,7,7,7,7,7,7,5,7,5,7,6,7,7,7
781dc3f3-c6f0-4d11-a85a-a9be2189be9f,0,6,6,1,5,6,7,4,7,5,7,4,6,5,3,7,7
a41192e6-6d17-4d90-84d8-4f8331e85140,0,7,6,7,6,4,7,7,7,5,6,3,6,6,6,7,7
6f257436-df04-4b2a-ad55-6303168a538a,0,6,6,6,6,7,7,7,7,5,7,5,6,7,7,7,7
1e61c659-342e-4227-b161-89797e7b89ae,0,7,7,7,6,4,7,7,7,5,7,4,7,7,7,7,7
6b2ba2f9-02de-4cb4-8a66-5753ae1a230a,0,7,7,7,6,7,7,7,7,5,6,4,7,7,7,7,7
71a9adc6-362f-4224-949f-640ce3cbc992,0,7,7,6,7,7,7,7,7,5,7,6,7,7,7,7,7
aa8c3ba8-9b6f-4d31-b643-4e1f390e5be4,0,7,7,5,6,6,7,6,7,5,7,4,7,7,7,6,7
05e111a0-3e6d-4bbe-a238-4982e1620251,0,6,6,6,6,4,7,7,7,5,6,5,7,7,6,6,7
2146a108-9923-455d-a922-92b94f8eb152,0,7,7,7,7,6,7,7,7,5,7,6,7,7,7,7,7
45367285-2591-4f0c-92bb-0a2150d35457,0,6,6,3,7,6,7,6,7,5,7,6,6,7,6,7,7
b9da77cc-e5df-4731-9a46-c65de4911ade,0,6,6,7,7,7,7,7,2,5,5,3,3,3,5,6,7
20d614ce-927b-4b4e-8314-897202018e91,0,7,7,7,7,4,7,7,7,5,7,4,7,7,7,7,7
0b28af51-0dc9-4bd0-886c-c6e92dcc8125,0,4,6,1,6,4,7,6,7,5,6,4,6,7,7,7,7
b89449c6-5993-4d4f-aae6-6fefd95ae6ef,0,2,3,2,4,6,7,7,7,5,7,2,5,5,4,7,7
0520d67c-52b8-445b-aced-0d669d3ea705,0,7,7,7,7,4,7,7,7,5,6,6,7,7,7,7,7
038fb863-ddf6-4873-b2e6-62efb1895049,0,6,6,5,7,7,7,7,5,5,7,6,7,7,6,7,7
5e3d50d5-2435-4136-8c26-f9aa7f905d7b,0,5,3,5,5,7,6,7,7,5,3,3,6,5,7,7,7
e9226fab-1196-4afb-97b0-b33a78aae387,0,7,7,7,7,7,7,7,7,5,6,6,7,7,7,7,7
15edc4a0-288c-465e-889f-edd8ca8545c2,0,6,4,6,7,7,7,7,4,5,4,4,4,6,6,7,7
8caa1e0b-d450-4ec9-9524-032dd5783dfa,0,7,7,5,7,6,7,5,7,5,7,7,6,6,7,7,7
65c861b8-2144-47df-a18c-6c9991de3536,0,6,5,3,5,4,6,6,5,5,6,6,4,5,3,7,7
87d04ee9-abbf-4c8d-bdfd-49f72c61ca94,0,6,5,6,3,5,7,7,7,5,6,5,4,6,6,7,7
dc7936ab-92e6-42b2-9404-5dc0fb28ec4f,0,2,2,7,4,1,1,7,5,5,6,4,2,2,1,7,7
735fa927-d7b8-421b-9b88-93067282fbfc,0,6,7,6,7,7,7,7,7,5,7,5,7,7,7,7,7
51e1fa02-0e5e-450c-b02f-977d6186dd86,0,6,6,6,6,7,7,7,6,5,6,6,7,6,7,7,7
e4c6c5b5-748a-40b1-8b3c-8c91dd1b43c7,0,7,7,7,7,5,5,7,7,5,6,6,7,7,7,7,7
6e763514-4afc-4335-9428-ad4e6821892e,0,7,7,7,7,7,7,7,7,5,6,5,7,7,7,3,6
b10ee769-d53e-4387-8a5c-62535432fc87,0,6,6,5,6,7,6,6,7,5,6,4,6,6,6,6,6
33e39ca7-b3be-4516-b734-450d9789450a,0,6,6,7,6,6,7,6,7,5,6,7,7,7,6,6,6
b24ff372-b5d6-452d-9b93-2b74390b9c52,0,5,5,5,5,5,7,6,6,5,6,6,4,5,4,6,6
15cf8220-70c4-4c5b-8d11-02edd2efc927,0,4,4,4,5,5,3,4,5,5,3,3,4,4,4,6,6
6c2f738c-0c1d-43f3-b2b5-ce4fe907e8f8,0,5,2,6,2,4,7,6,7,5,6,2,6,6,3,6,6
b65f8f9f-0a8a-4bd2-a9af-420990929c11,0,5,6,3,6,5,5,6,7,5,5,5,6,4,7,6,6
706b8a5c-8f14-4087-afb4-abdab92263c7,0,7,6,7,6,7,7,7,7,5,7,5,7,7,7,7,6
916a12dc-1c57-4012-8a95-6221407ee3de,0,6,6,4,5,4,7,4,7,5,6,4,6,6,7,6,6
3d1afa6d-de7c-448f-96ac-f8a8ac7b61d5,0,3,3,6,3,4,6,5,6,5,5,3,5,3,6,6,6
1ced4e5c-69e1-496a-99a4-106f4f536f0e,0,1,3,4,5,6,7,7,6,5,6,4,4,1,1,6,6
7ea4e5b1-8ecb-449a-9950-5c4bf5ecf902,0,6,7,3,7,7,7,7,7,5,6,4,6,7,7,5,6
82d2deb1-d5f2-472c-8f14-6bf208e08474,0,6,7,7,4,1,7,7,7,5,5,2,5,7,7,7,6
98ec369d-3cc1-48c2-b5ab-9bf483b1155f,0,6,3,7,4,7,7,6,7,5,7,6,3,3,5,5,5
233104be-f47d-4c4c-b4e0-9d302a18c4a5,0,4,6,2,4,3,5,7,5,5,5,4,5,4,6,6,5
602ccabb-118f-47e1-aaad-167ac1847bcc,0,5,5,6,6,6,7,4,5,5,6,4,5,5,5,5,5
af4bbfec-6809-4769-ad53-3c0000e3293e,0,5,5,6,6,7,6,7,5,5,5,4,5,5,6,5,5
9d4c8fa0-773c-4883-8e51-c038de3437b1,0,5,5,6,5,5,7,7,7,5,6,6,5,5,5,3,5
3d31cc5d-568c-4f10-afde-4bef314cc10a,0,7,7,6,7,7,6,6,7,5,7,7,6,7,7,5,5
6a6d3664-0b16-4570-801b-5b3aebff0a27,0,5,3,5,4,4,6,5,6,5,6,4,5,4,5,4,4
fcf60061-94bf-4c81-91aa-be4830968b3b,0,3,5,4,5,4,6,4,5,5,6,3,4,4,4,5,4
cf6118f0-6e50-434c-8ad4-8d2540d615d2,0,5,2,5,5,5,5,6,6,5,6,5,6,5,3,3,4
134be51c-9495-4278-babe-763b7e8f0791,0,4,2,1,3,4,5,7,6,5,5,4,2,3,6,6,4
0ea60adf-c84f-4ddf-a4eb-97e8298980fa,0,7,5,3,5,5,5,6,7,5,6,5,6,5,7,4,2
c96b2053-4a1e-4eb7-a352-929737d192b3,0,2,1,7,5,5,6,3,6,5,5,3,5,1,6,5,1
c4fa48cd-214d-480b-a65d-b521a4f4d0ae,0,5,1,1,5,6,6,5,5,5,6,5,6,5,5,,
8efb918d-1362-4e35-acba-016d44b75555,0,4,5,4,4,4,7,6,4,5,6,4,4,4,5,,
003d48b2-644a-4d45-8c9a-16fa014c63c6,0,5,3,3,3,5,3,6,6,5,5,4,5,5,5,,
a0a8c309-99a6-44c7-91d2-502172f5e9df,0,7,7,6,7,7,6,7,7,5,6,6,7,7,7,,
82907c4b-4267-46a0-8ac9-8755d2d2e7b9,1,1,1,7,1,7,7,4,4,5,6,4,4,4,4,7,7
9b267736-94b7-4e6e-a31b-95945d357b9c,1,6,6,6,7,7,5,6,6,5,5,5,6,6,6,7,7
d9e9b283-d8b1-4bf1-844d-d74c8368fa8b,1,5,5,1,5,6,5,7,5,5,6,4,5,6,5,7,7
4fe002dc-5999-4eea-a22b-ced35bc84075,1,6,6,1,7,4,6,6,6,5,7,1,6,6,6,7,7
548a8320-3955-4185-826d-4943d27eabb0,1,7,7,6,7,6,7,7,7,5,6,5,6,7,7,7,7
3635b733-b712-4d5a-acda-30d79052d5ac,1,4,5,1,6,7,7,7,7,5,7,1,7,5,4,7,7
b6107668-87b6-4b99-b576-dda0c368f3e7,1,7,7,5,7,7,7,7,7,5,7,7,6,6,6,7,7
fad8ff3b-577c-43b3-96ed-08a7612d5156,1,7,7,5,7,6,7,7,7,5,7,6,7,7,7,7,7
34192248-6d1d-4494-9fd5-d12c9620da52,1,5,3,5,3,5,5,7,6,5,7,6,6,4,7,7,7
af4875c3-fe36-4a71-b557-9d5a69fed498,1,4,5,4,5,6,6,5,6,5,4,4,5,5,6,6,7
896b9fb3-88eb-42cd-84bd-9152682360ea,1,1,1,3,7,7,7,2,7,5,7,4,1,2,1,7,7
ccab26c5-92fb-4aae-8dec-6ba2b7d12ec3,1,7,7,7,7,4,7,7,7,5,5,4,7,7,7,7,7
e336a2ff-3d27-441d-893e-7d2af1b5403f,1,7,7,7,7,7,7,7,7,5,7,7,7,7,7,7,7
d2bfb344-e181-43bb-aa5e-6268c6eeff3d,1,6,7,7,7,5,7,7,7,5,7,6,7,7,7,7,7
9182187a-be50-4362-b450-595745578da3,1,5,7,4,7,4,6,6,7,5,6,7,6,6,7,7,7
20800aae-61a6-4d99-944b-6e675a6f67dc,1,7,7,3,7,7,7,7,7,5,6,5,7,7,6,7,7
7a42bc55-84ae-47e2-b0d4-00c3d63777ec,1,7,7,7,5,7,6,7,7,5,6,5,7,7,7,7,7
a07a6525-58e1-4e64-8c14-15ebb3e0e228,1,4,3,3,4,6,6,6,7,5,5,4,5,4,6,7,7
f661ee33-2f86-4c93-9e20-e0c5b83735b1,1,7,7,6,7,6,7,7,7,5,6,6,7,7,7,7,7
77e39f91-0c70-4175-88b0-6aa6a5f057a7,1,4,6,7,4,5,7,5,6,5,6,4,5,6,6,7,7
80a77ef9-4284-4da4-a16a-368b55b85c77,1,3,4,2,3,7,4,7,5,5,5,4,2,2,1,6,7
51bed5d0-5dbc-4a97-8995-3a17a498e31c,1,6,5,5,6,5,7,7,7,5,4,5,7,3,7,7,7
dd7de6ff-2f07-489a-a391-0ad7d8ec2dbe,1,2,2,2,1,2,1,2,2,5,1,4,1,1,1,7,7
59ffcdef-f70d-45ad-bc35-a6573f25e5b2,1,6,5,2,7,4,7,7,6,5,7,5,7,6,7,7,7
02f044f1-095f-45d3-87aa-f0a58772b09e,1,4,5,1,7,6,7,7,7,5,7,4,6,6,7,7,7
72c29668-22b7-495c-9f3e-a40dcd34b16f,1,7,7,4,7,4,7,7,7,5,7,4,7,7,7,7,7
f39c29dc-7bc4-40b8-b741-e98565fd338f,1,7,6,7,6,7,7,7,7,5,7,4,7,7,7,7,7
a5bfebfa-0d40-4e2b-9852-04808af90fbd,1,7,7,7,7,7,5,7,6,5,7,5,7,7,7,7,7
d2a95a47-16c9-4f7c-ba6f-87239681f011,1,5,5,3,6,4,4,7,7,5,7,6,6,5,7,7,7
3831c6dd-4009-4c5e-9722-de082dd37390,1,6,5,7,4,5,1,7,7,5,4,4,5,4,6,7,7
8a228fc0-004f-45b9-b07c-0df4323fce69,1,6,5,7,7,6,7,7,7,5,6,5,4,5,6,7,7
4c199ee7-e619-4b23-a2cc-4e7c597763b9,1,7,6,7,5,6,6,7,7,5,6,6,6,6,7,7,7
30c46b96-488f-48ab-bf1d-f8d5ec8b2eb0,1,5,3,5,5,5,6,7,6,5,7,6,5,5,5,7,7
048a0b29-7dd5-4454-be7e-09f37b670381,1,6,6,1,7,7,7,7,7,5,6,3,7,6,7,7,7
f5d201b1-3ff9-40cf-9971-77b3f6c815bd,1,6,7,6,6,7,6,7,4,5,6,5,7,6,7,7,6
a40b005f-efe2-4117-b84a-edbe27c71314,1,6,6,3,6,7,7,6,6,5,4,4,5,6,7,7,6
7bfe444d-5691-480d-938f-902c3c97f6c5,1,5,3,1,3,3,7,6,2,5,5,4,2,3,4,6,6
e95cf640-39be-444f-a49e-1085b3e140ee,1,7,7,5,7,7,7,7,7,5,5,5,7,7,7,6,6
584f239c-9715-47d6-9a7a-600d0b650a1b,1,7,6,6,7,6,4,7,7,5,6,2,7,7,7,6,6
8dd72841-00ed-472f-bd4d-555caaeb4eca,1,5,6,5,7,7,7,7,6,5,7,4,6,6,7,6,6
b8a66e34-d018-4093-a5ef-18f08d22250a,1,6,6,1,5,6,7,6,7,5,7,4,4,6,6,6,6
1783d7ef-9a54-4ea6-b5d5-132953967b7f,1,6,5,4,6,4,7,7,6,5,6,5,6,6,6,6,6
9216d40f-7c4e-4b1b-af28-68d1cde9c2fe,1,6,6,3,6,7,7,5,6,5,7,5,6,6,5,6,6
62908259-d16e-4674-9b8a-18e0199819a9,1,6,5,5,6,7,5,6,3,5,6,6,5,5,5,3,6
9c4fa3ac-38d0-4b63-9d0f-2e74d8453aaa,1,6,5,6,3,6,5,7,7,5,5,4,5,5,7,6,6
ea2e617d-6a5f-459c-8cb5-7289d11fbc63,1,6,5,5,6,6,5,7,6,5,5,3,6,6,6,6,6
fb1c49b2-29b2-4279-aac5-52e0722ead0e,1,6,4,4,4,5,7,7,7,5,4,4,6,5,4,6,6
ccaa0ec7-3c35-4ebd-9120-83a52e7c2cf9,1,2,1,2,4,4,7,5,5,5,7,4,4,4,3,5,6
63171c6b-39ee-4105-a57e-a069f7fad504,1,6,7,7,7,6,7,6,7,5,7,5,6,7,6,5,6
88239dce-a0c0-458c-b9d6-571cfd9d006a,1,7,7,7,7,7,5,7,7,5,7,6,7,7,7,6,6
620597f8-d1cf-4aad-b244-e713639d3e8e,1,7,7,6,7,3,7,7,7,5,6,5,7,6,7,5,6
4907b1c3-9a4b-45e3-bd9a-e9f2b7913bd7,1,5,5,3,7,6,6,7,6,5,7,2,6,6,6,6,6
fba51864-6819-4c43-bc7c-91ac12ac9c88,1,6,6,1,6,5,7,5,5,5,6,6,5,5,5,6,6
505c3a98-53a6-4922-8d2f-07a3fcad73a6,1,6,6,5,5,4,6,7,7,5,6,6,6,6,7,6,6
b6751005-2af3-4c54-937f-7df74291fbfe,1,6,6,5,7,7,6,7,7,5,7,6,7,7,6,6,6
6933eeb4-3cbe-43d1-9236-ccc32efbd8b2,1,5,5,7,5,5,5,7,7,5,4,3,6,5,6,5,6
1c4bd583-2c24-4974-8bc9-b802c0c7fbc8,1,6,5,7,3,4,5,7,6,5,5,5,5,5,5,5,5
8c07e3e2-337b-4725-9e8d-79ad90bd1e53,1,6,7,5,7,6,6,5,6,5,6,6,7,7,7,6,5
cf7a46d0-8a58-4577-84a4-bd94c22e2106,1,6,6,2,7,7,6,7,7,5,6,6,7,6,7,6,5
6c247775-f5be-4b30-b9db-bb8517fe45d1,1,7,7,5,7,7,5,5,6,5,7,6,7,7,7,5,5
a8589adf-4a8c-4556-8d16-13414d6ad1c5,1,1,3,1,5,4,1,5,1,5,1,4,2,2,2,5,5
034a9236-4442-4770-b6b1-2dda765e77cd,1,6,6,4,5,6,7,4,4,5,6,6,6,6,4,3,4
9fda0a76-c949-4d5e-8c7c-89a30c29bfba,1,6,6,3,7,7,7,7,7,5,7,7,6,6,7,4,4
e945a3e0-a0eb-4122-a5f2-3e9d5affcadf,1,7,7,7,7,7,7,7,7,5,5,4,4,4,6,4,4
93b3f96d-e38a-4e72-91e3-4617e64ea904,1,4,6,5,4,5,6,7,7,5,6,4,4,5,3,7,4
1cc65f23-3d27-4b03-8a9c-dd91c86e8350,1,4,3,4,1,4,5,5,5,5,2,3,3,4,1,3,3
2b3a04cb-7b33-4198-9dd9-697ae47b3b43,1,6,6,6,7,5,6,6,5,5,7,6,6,6,6,,
06483068-8764-4ab9-9140-f13e4904f70c,1,5,7,2,7,4,7,7,7,5,5,4,4,6,5,,
ccd84cb5-13fc-42b8-8475-c83afae99c3d,1,7,6,6,7,7,7,7,7,5,6,6,7,7,7,,
2314fd71-0bda-4d1e-aa41-598a8e6cb99f,1,6,6,6,6,5,6,7,6,5,6,4,6,6,7,,
675c8157-eaf6-4174-ab4b-e12e4deb8505,1,6,6,7,5,7,7,7,7,5,6,6,6,6,6,,
a27d2d04-2879-4ae9-916f-dc34c2a3fa90,1,7,7,6,7,6,7,7,7,5,6,6,7,7,7,,
b76c53df-6df6-45f8-acf0-3620bc813a7f,1,4,3,6,3,4,5,7,4,5,5,3,4,4,4,,
4f0efcf0-10f4-438c-b9c1-74d5451779f1,1,3,3,4,4,5,5,5,5,5,5,3,4,4,4,,
fac1b9ce-f686-4477-a665-dc05f7b31e9d,1,2,2,5,1,5,7,3,5,5,6,5,3,3,3,,
bde2c99a-812a-4f53-a181-ce9f2b77d926,1,6,7,5,7,7,5,7,6,5,7,5,7,6,7,,
7165c80a-f033-4b42-ad03-a505aecbcbea,1,7,7,6,7,5,6,6,6,5,6,4,6,6,7,,
872dba73-6dc5-432e-a406-556aaea51cd5,2,7,7,6,7,7,7,7,7,5,7,6,7,7,7,,
1089a767-6ccb-4bce-92a8-d01112fc6596,2,6,6,7,6,6,7,7,6,5,5,2,7,6,6,,
f24cac37-b751-4502-8c79-45372513f88c,2,6,5,7,7,7,7,4,6,5,5,4,6,7,6,,
65ee3610-eb2b-4150-8372-ab45ef13d315,2,7,7,7,7,7,7,7,7,5,7,7,7,6,6,,
8f3f2df9-0c33-416a-b3c2-c3558c759a70,2,6,7,7,6,5,7,7,7,5,7,5,7,6,7,7,7
1dfb7e5f-5e78-453d-9bdb-d5f0753e61d8,2,4,7,3,7,5,7,5,7,5,7,5,6,6,7,1,7
7a6992f0-3c6a-4e16-ab79-59b9426f3da5,2,7,7,7,6,7,7,5,6,5,7,5,6,6,6,7,7
bd985d65-a4fc-4625-90c6-62da12803a1d,2,7,7,7,6,4,7,7,7,5,5,5,7,7,7,7,7
9d550ced-f4f3-4390-ba01-f2ae06fdacbd,2,4,5,3,7,7,7,7,7,5,7,6,5,6,5,7,7
076acda8-7215-4653-bdb8-e93ea5639c10,2,7,7,7,7,5,7,7,2,5,7,5,7,6,7,7,7
45b61b18-3c73-4183-aa39-58f7fceac788,2,6,6,7,6,6,6,7,7,5,6,3,7,7,7,7,7
c4004fad-644e-4241-99c2-2b7cd0dcf7cb,2,7,7,7,7,7,7,6,6,5,6,5,7,7,7,7,7
9e81b15a-899a-4274-bc94-7a7af043bb3c,2,6,6,6,4,6,5,7,7,5,5,3,6,6,6,7,7
3cb39e27-0b65-400f-b96e-10c1921f31c3,2,6,5,6,5,5,3,7,7,5,2,3,6,5,4,7,7
2af8a1a0-98bc-48bd-99bb-981c6b37899d,2,7,6,7,6,6,6,7,7,5,5,5,7,6,7,7,7
f50405e4-d718-48e2-b3b7-63504cfc105f,2,7,7,7,7,7,5,7,7,5,6,5,7,7,7,7,7
d1ff42e9-487b-42eb-8276-3197e42285f4,2,6,5,5,4,6,5,6,7,5,4,4,5,4,4,7,7
f4404c46-ffd3-43eb-abf5-be7ae7bb3748,2,6,6,5,6,4,6,7,7,5,6,3,6,6,7,7,7
52545f70-c005-452a-a498-733cf218a2a8,2,7,7,6,6,5,5,6,7,5,5,5,4,5,7,5,7
b8a0a0e0-8fe4-4d15-8672-86b03b4f9f50,2,6,3,2,4,5,5,6,7,5,2,2,6,7,7,7,7
5870e8c5-74a8-4c78-bc3e-f999ed005421,2,3,7,3,6,6,7,6,6,5,6,5,6,6,7,7,7
d9c592e1-2dbf-4e94-9189-8bd87619f92d,2,6,6,7,7,7,7,7,7,5,7,4,6,6,7,7,7
2222a173-4b7a-4a41-af82-226b69ba3207,2,7,6,7,4,6,7,7,7,5,3,5,7,7,7,7,7
c093b62b-b165-4f8b-9b77-ebd383090bcd,2,6,6,7,5,6,5,7,7,5,4,4,6,6,7,7,7
f005fb43-95ec-47e6-aa5f-0e4db6ce2df2,2,7,7,7,7,7,6,7,7,5,6,3,7,7,7,7,7
44d11e5e-a864-49e6-bcba-e3a4ed62cf7c,2,6,4,5,4,6,3,7,7,5,7,6,7,7,7,7,7
e06cf2d3-a5a8-4c8a-ac52-823c0babd502,2,7,7,7,7,4,6,7,7,5,5,4,6,7,7,7,7
c662a1bf-ed5d-47b3-b167-08e815e8a7f9,2,7,7,7,6,6,6,7,7,5,7,7,6,6,6,7,7
cf6b9c28-58f2-4a02-a19e-00d3d1fff6a4,2,6,6,5,6,6,6,7,7,5,6,5,6,6,6,7,7
c6bc3c9d-4ade-47a9-90bd-ce321f3928e8,2,6,6,6,6,7,7,7,7,5,4,4,7,7,7,7,7
8242a116-094f-41b4-b401-6618b1d1af2e,2,6,5,5,7,6,7,6,6,5,5,2,6,6,7,7,7
0a1770d0-2aae-47ea-b4b3-89193a3728e4,2,5,4,2,5,5,6,7,7,5,6,5,5,5,5,7,7
022b0727-abba-498e-b76e-ac553df35658,2,5,6,7,7,6,7,1,7,5,7,6,5,6,1,7,7
e3337b32-9857-4905-9547-faa731756360,2,7,7,7,7,7,7,7,7,5,7,4,7,7,7,7,7
4a3bd85f-075d-452c-9cda-d1b68d544a02,2,5,6,1,7,6,7,6,6,5,3,3,6,5,6,7,7
4b500215-f0c9-4af4-ad4b-fd27cc0e5309,2,7,7,5,7,5,7,7,7,5,7,7,7,6,7,7,7
2eeac7c9-fe86-454d-832b-32f62cb2a9dc,2,6,6,7,7,5,6,7,7,5,7,4,7,7,7,7,7
01351f2d-7931-4dc8-b4ea-b670a087c89e,2,7,7,7,7,6,7,7,7,5,6,5,7,7,7,7,7
e881e24f-89ef-4b65-929d-a99777fb7462,2,6,5,7,5,5,7,7,7,5,7,2,5,7,7,7,7
fca8c90d-ec04-4ea0-af57-3f8dc9baa8a4,2,6,6,2,7,6,7,7,7,5,6,5,7,7,7,7,7
d1791678-d227-49d5-a4c5-5cb59153e1a2,2,7,7,7,6,4,7,7,7,5,6,6,7,7,7,7,7
ec0784c2-4eaf-4811-9d4c-92a7c3e7e0b4,2,6,6,1,6,6,6,7,7,5,6,5,7,7,5,6,7
42fcb324-f5fe-46f9-bd7f-207768f44d90,2,7,7,7,4,4,7,7,7,5,7,4,7,7,7,7,7
bd2bac90-64d7-4e15-8eda-d4daaee70733,2,6,6,4,7,5,7,5,7,5,6,5,6,6,6,7,7
ab4bad05-2c9e-4861-8298-1bc2bd09b2b1,2,5,6,7,7,5,7,6,7,5,4,4,5,5,7,7,7
0db42da8-6b45-4b31-95d0-784fea5a2156,2,5,3,5,5,2,5,6,7,5,4,3,5,7,6,6,7
bc763b68-86e9-4636-bacb-77d92c0c6dba,2,6,6,7,7,7,4,7,5,5,6,3,6,6,7,7,7
d23ba071-d1f3-4e86-8f82-0cdd796b0841,2,6,6,7,6,5,7,7,7,5,6,5,7,7,7,7,7
4b2e02f0-41b2-492c-aa19-82298bf8cc00,2,6,4,3,7,7,7,7,7,5,5,6,6,7,5,7,7
f97adbc2-cd4f-4aa3-a015-630d215a8f67,2,6,6,1,6,6,7,4,7,5,7,6,6,6,7,7,7
36bb1693-580d-4d5a-9b0b-6d415d60daed,2,3,3,6,5,5,5,6,5,5,7,7,1,4,1,6,7
8b2023e7-f8b9-449d-8d30-0aa4e4b0020f,2,5,6,2,6,7,6,4,6,5,6,4,6,6,6,6,6
1679fe9b-839b-4c50-8dd7-5005a692f2fb,2,6,5,7,6,6,6,7,7,5,6,5,5,6,5,4,6
a0fcfd29-70af-4cda-b831-8a720c1c53d9,2,4,5,1,6,4,4,5,5,5,6,6,4,5,5,6,6
4ce8d2c8-52c6-4c8b-9e06-1800c737c428,2,4,3,2,2,6,6,7,7,5,6,5,4,4,5,6,6
9745dc09-4090-46f1-b29f-16e8bc0ad0d5,2,6,7,5,6,6,7,7,7,5,6,5,7,7,7,7,6
82621f36-6218-4c54-a958-35be3dc5cb8e,2,6,7,1,4,7,7,7,7,5,6,6,7,7,7,5,6
6fdae1a6-a5e7-4bfd-b8e1-2516eb297fe2,2,4,5,5,6,4,6,6,6,5,3,2,6,6,6,6,6
6220043c-e6d3-4d15-a6fd-b9408a0d5687,2,6,5,5,4,4,5,6,6,5,4,7,6,4,4,6,6
cac9f63b-50af-49e4-b028-76f2d8181dc2,2,6,2,3,6,3,6,6,6,5,6,4,2,5,2,6,6
8e1dfb14-f950-4bc0-9b3a-06c3118bb722,2,6,6,7,6,4,7,4,7,5,4,4,6,6,6,7,6
eae95567-02eb-46c4-98f8-48e9f332bc2e,2,7,6,6,5,7,6,7,6,5,5,5,6,7,7,5,6
459b227c-d1a6-44c0-8990-a983e5370103,2,7,7,7,7,6,6,6,6,5,5,4,6,7,6,6,6
af80cdff-0963-4566-8e91-91ff2d7655c8,2,5,4,1,5,1,6,6,6,5,6,3,5,5,4,7,6
41eb0b8e-61b6-4965-945f-fc10ab3e55fa,2,6,4,2,4,4,6,6,6,5,5,1,4,5,4,6,6
89dce7f3-3d1f-4fbd-8de9-040d4594b9c5,2,5,3,4,1,7,7,6,6,5,3,2,4,5,6,6,6
17e0049d-5913-46a2-9a14-919ff844f460,2,6,5,6,6,6,5,6,5,5,4,4,6,6,7,6,6
11477b46-b865-41b0-94fe-132fe8a39b01,2,6,6,5,6,6,7,6,7,5,6,5,5,6,6,6,6
36381c3e-6fb1-4852-82b8-22bf52396fc9,2,6,6,7,6,6,7,7,7,5,7,6,7,6,5,5,5
9b48bf60-8c40-4c51-8bb6-5c5aa94c388b,2,6,5,4,6,4,7,7,7,5,7,6,7,6,7,5,5
b044ebee-16ea-4f2f-900f-1ce5611ebb33,2,3,2,4,1,7,7,7,4,5,4,4,5,5,7,5,5
432774c4-f06f-4f11-a56d-fe17f5a64100,2,5,4,5,3,4,5,5,6,5,4,4,4,4,5,4,4
c26990c6-9627-4386-977c-ae03dfb68d04,2,4,4,4,4,4,6,7,6,5,4,6,6,2,6,4,4
224c15ab-f507-4bf4-b101-9d1006a9bde0,2,6,3,7,5,7,3,7,6,5,5,4,7,4,7,,
16b06c1b-acf6-46c6-83c4-2858f11fe174,2,5,5,3,6,5,5,4,5,5,3,3,5,5,5,,
9d9d8cac-2216-446c-95d2-f09eabd37633,2,6,4,5,5,7,7,7,7,5,6,4,6,6,7,,
23f86103-a317-44ca-8de0-a9fa12922c47,2,6,5,4,6,7,6,6,6,5,3,4,4,5,4,,
26e15da1-d45b-4fb7-84dd-ababa62addf7,2,2,5,3,4,6,5,7,2,5,5,5,6,6,6,,
c2f927da-496a-4e33-8d06-690518b5e1ed,3,7,4,7,4,6,5,7,7,5,4,4,7,7,7,,
37bf575b-63ab-44a9-8642-0977290c3b9e,3,7,6,5,6,6,7,7,7,5,6,4,7,7,6,,
1a4eb786-97a1-4dd9-a723-53de4d2962d7,3,7,7,5,7,6,7,7,7,5,7,2,6,7,7,,
b7bab569-958c-4143-b1fa-7f4651d78e5c,3,7,6,5,6,6,7,6,7,5,6,5,6,6,6,,
19f37fdc-245f-4ae6-9199-ed3db44996a8,3,6,6,4,6,6,7,7,6,5,7,7,6,7,4,,
89c2f461-48a5-4501-9e4f-344ad35b275f,3,7,7,7,7,7,7,7,7,5,4,4,6,7,7,,
07507c00-3001-4658-9229-3427d94590e9,3,7,7,6,7,7,7,6,7,5,7,6,7,7,7,,
0365cdbb-e6a8-48fe-b79c-73d9366694d3,3,6,3,3,6,7,7,7,6,5,6,4,7,6,7,,
b467e207-cd0f-4c7a-8159-50afaa9355ad,3,5,6,1,7,5,7,7,7,5,6,5,7,6,7,,
12f87108-4fc4-4bc2-80d7-c7888ef56c47,3,6,4,1,6,7,7,5,6,5,6,4,3,3,5,,
b7d0d07f-2396-4926-b085-1022252801bb,3,3,2,1,2,5,1,7,3,5,2,2,5,7,5,,
050a9c4f-535a-4ca2-be0c-2e32f47f6392,3,4,6,5,1,7,5,4,6,5,6,5,4,1,3,,
ecafa4e8-1fce-481e-b806-ec63ff4fde75,3,7,7,5,7,5,6,7,7,5,7,7,7,7,7,7,7
5a54dad2-dafa-45e1-8574-7db2a3c0c913,3,6,7,4,5,4,7,7,7,5,6,3,7,7,7,7,7
7ebe0773-e3e6-4207-a2c3-d13fb99f7e0b,3,7,6,6,4,5,7,6,7,5,5,5,6,5,4,7,7
3b91dcfe-8890-4977-b16e-0371cc257e44,3,6,6,6,6,7,7,7,6,5,7,5,6,6,5,7,7
01884a41-6cec-434e-80c1-6b711b9f401c,3,7,7,7,7,7,7,7,7,5,7,5,7,7,7,7,7
bdd722c8-47b1-4cbb-9e6b-14ce172fcad4,3,7,6,7,6,2,5,7,7,5,1,4,7,7,7,7,7
655bf2fe-2a4e-4050-ad22-5aa292ba5efb,3,6,6,2,6,6,7,7,6,5,6,2,3,6,5,7,7
e18abfed-6f63-4e74-8e9f-907868b91fc0,3,6,3,1,6,7,7,6,7,5,7,7,6,7,6,7,7
51cd411d-444f-4105-b2fd-821fc547fed2,3,7,6,6,7,6,6,7,7,5,6,5,7,6,7,7,7
4e4c9cd7-e3b0-4f3a-a0eb-0234c4e4abbd,3,7,6,7,7,7,7,7,7,5,7,6,7,7,7,7,7
17547904-a5c8-4a82-bf00-910c8a4ee5ac,3,5,7,5,7,7,7,7,7,5,7,4,5,7,6,7,7
5add764c-016b-4683-b117-37709fe6df4b,3,6,6,5,7,4,7,7,7,5,7,4,7,7,7,7,7
3e1a659c-4f8f-4d8b-8ca9-8eaef9abff05,3,7,7,6,7,6,7,7,7,5,7,6,6,7,7,7,7
02c1bfef-a927-437a-9ba2-427d780b631d,3,7,7,4,7,3,7,7,7,5,7,1,7,7,7,7,7
91032559-7510-4293-8f5d-707918a96359,3,6,7,5,7,7,6,7,7,5,7,6,7,7,7,7,7
eca46086-e617-4024-bada-e697973ce9c7,3,6,5,4,6,5,7,7,7,5,6,3,5,5,5,7,7
9a1d0fd1-de22-4b60-9971-207bae8c3bc9,3,3,5,3,6,6,7,7,7,5,5,1,3,6,6,7,7
a16d04ec-3e7d-43d3-afed-c33db706eda0,3,7,7,6,7,4,7,7,7,5,7,6,7,7,7,7,7
240e4e33-d90e-4da3-bd9f-0f0aeaff1e6a,3,7,7,7,7,4,7,7,7,5,6,4,6,6,7,7,7
9c5c74ac-56c5-4fc8-b2d1-498bb847e804,3,6,6,6,6,6,6,7,7,5,1,1,6,6,6,7,7
a357942e-837a-4ef0-aeec-110bce62def4,3,7,7,4,7,7,7,7,7,5,7,6,7,7,7,7,7
f96a4166-51de-431c-8826-9f266f2d687a,3,5,5,1,5,4,7,4,6,5,6,4,5,4,2,7,7
90564263-e0e5-4548-b875-e3ccb7a50dde,3,6,7,6,7,7,7,7,7,5,5,6,7,6,4,7,7
fe6f3ca4-088f-4a1c-b678-b0e250c6259c,3,7,7,7,7,7,6,7,6,5,5,6,7,7,7,7,7
1aab8ad0-8694-49f0-94bd-cfce4303fa81,3,4,4,5,7,7,6,7,7,5,2,2,7,7,7,7,7
c4ebba85-7f9a-4179-955f-7a5f14d7f05a,3,7,7,5,6,6,7,7,7,5,6,6,7,7,7,7,7
84eab669-7755-41e3-8e0d-807342693bb7,3,6,6,5,7,4,7,6,3,5,7,6,6,7,7,7,7
8e17792f-3875-4fe5-8a22-3fe6ec9c4531,3,7,6,6,6,6,7,7,7,5,7,4,7,7,7,7,7
38b2d65f-62ce-4205-9416-6da0a6aa37a6,3,5,2,1,4,4,5,6,5,5,5,4,2,3,5,7,7
1eb9681d-0ad1-4124-aa5c-c7b4ab03ec80,3,7,6,7,7,6,6,7,6,5,6,5,5,7,7,7,7
c7fb6ebe-379b-44e5-896d-f9bd66d7b88c,3,7,6,7,7,6,5,7,7,5,5,4,6,6,7,7,7
5c6ee240-88f6-4371-9f71-674732c22400,3,2,6,1,6,5,7,5,6,5,6,5,6,7,6,7,7
ada12b50-9a0b-42e5-8a89-4185442ed719,3,7,6,5,7,5,7,5,6,5,4,3,6,6,6,7,7
52fc3bde-6b11-44a8-a6c5-7d3fc335478a,3,6,7,7,6,4,6,7,7,5,2,3,6,6,6,7,7
8146755e-6c09-4d9e-9e23-69e6cf2cf940,3,7,7,6,7,6,6,7,7,5,6,5,7,7,7,7,7
29c2aae6-c0df-4f6b-b905-13506d7ce3d2,3,7,6,7,7,7,7,6,7,5,5,6,7,7,7,7,7
a5ed9267-306a-461c-a05e-72571c9842c1,3,7,7,6,7,6,7,7,6,5,7,6,6,6,7,7,7
98b9f0c1-becf-4698-94e5-f5d91ede842e,3,5,4,4,5,7,6,6,6,5,6,4,7,6,7,7,7
67d734f4-df49-4e66-b1ad-05810a42f011,3,7,7,1,7,5,7,7,7,5,6,3,7,7,7,7,7
5bc2ff61-fdfc-40fc-8008-36a06c46af70,3,6,5,5,6,7,7,7,6,5,6,4,6,5,5,7,7
8d2f0938-8d9b-4b49-a6ed-4f970e451e7d,3,6,5,5,3,7,6,7,7,5,6,3,7,7,7,7,7
852d9d3d-7009-416b-a0d6-77447e6d6f91,3,6,6,5,3,6,7,7,7,5,6,6,6,6,6,7,7
6f205008-5059-4f31-84a3-9b3e4bc5b79b,3,7,6,5,7,6,7,7,7,5,7,1,6,7,7,7,7
cdf0720b-a3fc-4459-8e49-8904ae4c19d6,3,7,6,7,6,7,7,7,7,5,6,3,6,6,7,7,7
c7e35560-e2f0-4358-8519-c691de269e40,3,6,5,5,4,6,5,7,5,5,7,4,6,6,6,6,6
3214ff48-6db2-452f-b504-2e1bc52c3caa,3,7,7,6,7,4,6,6,6,5,7,6,7,7,7,6,6
ee271f45-e731-4238-8395-cfb971c22867,3,7,7,7,7,4,6,7,7,5,5,5,7,7,7,6,6
3132a726-02d6-4012-9a8c-dbb6317c6af2,3,6,6,1,7,7,7,7,7,5,6,4,6,7,6,6,6
3b080fd6-5512-46a2-880d-b1daf660795b,3,6,5,6,6,5,7,7,7,5,7,6,6,6,6,6,6
c4d7e02a-f9fc-40d4-bfb2-680dfd1d489f,3,4,5,6,3,4,3,4,3,5,6,6,3,3,3,6,6
21e857cc-5fa9-4f92-92b9-1586986cdb95,3,4,5,4,5,5,7,5,6,5,7,4,5,6,5,6,6
e740aebb-cba5-49bb-b7f5-bc10b89d832d,3,6,6,7,7,6,7,7,7,5,7,6,6,6,5,6,6
2fdb840d-16c8-4a4a-9048-b5693f022afe,3,5,5,6,7,5,6,7,7,5,6,6,6,6,6,6,6
ee276b94-a56c-42a4-8967-eff91562d619,3,7,6,6,6,7,7,7,7,5,6,4,6,6,7,6,6
edd52787-03dc-4b5c-a2d6-22aa4cfdd9c8,3,5,3,5,4,7,7,6,7,5,6,2,4,3,5,5,6
c19bf968-ad02-46e3-be4e-00cbc58ab5f7,3,4,6,6,7,7,6,7,6,5,5,6,6,7,7,7,6
ceb4cc16-6ac9-47ce-b4e1-136ef1cb7cc7,3,6,6,6,6,6,6,6,6,5,6,5,6,6,6,6,6
eb2418dd-214e-4e7c-b32d-f344a0949122,3,5,5,4,5,6,5,7,3,5,4,4,3,3,3,5,5
1eb582d3-c4e8-420a-b468-4d772b218eb5,3,6,5,3,5,5,6,6,5,5,4,3,5,5,5,5,5
51fac87f-84a3-48f8-bc08-2032552b4560,3,4,4,4,4,4,4,4,4,5,4,4,4,4,5,5,5
49d1065d-f1db-4eb3-ad75-2be382a8428b,3,4,4,4,4,4,7,4,4,5,4,4,4,4,4,4,4
8cb56450-c992-4f94-b0e3-0461138bb0c4,3,7,7,3,7,6,7,7,7,5,6,6,7,7,7,5,4
67a55ea5-0d1f-4d73-9e79-aef44292a5b1,3,7,5,3,6,7,7,7,6,5,4,5,6,6,6,6,4
6df71977-3438-40e4-b63b-6b19bd633bc6,3,5,5,5,4,6,5,7,6,5,5,3,5,4,4,4,4
26cbf38f-9895-41a6-b19f-fcf5f5fedaf2,3,3,3,5,4,5,2,6,2,5,4,4,3,3,3,4,4
3912a54e-b6ac-43fb-ade0-1f323b1fdf30,3,5,4,6,5,4,6,5,5,5,6,4,4,3,5,4,4
ca81f961-ef4b-4fdc-919f-66cd43a560f6,3,6,6,7,7,4,5,7,7,5,6,6,6,7,7,3,3
e0f26053-5128-4b75-b4b7-eed4ae8dc2e5,3,3,3,4,3,3,5,5,3,5,4,4,4,4,4,3,3
e1911662-9dc5-481f-a5fd-4d2a6b6662f1,4,6,6,6,7,5,2,7,6,5,2,4,6,7,7,,
3407381e-c77c-4426-986b-02f3d5a6b909,4,5,5,1,5,5,3,5,5,5,3,4,3,5,5,,
a4a3835f-1967-48db-82bf-b7b77f65a607,4,7,7,6,7,7,7,7,7,5,6,5,7,7,7,,
c6e2f84b-f882-493d-b459-7c9ec2c59cb0,4,4,3,3,3,3,4,3,6,5,4,5,3,2,2,,
68c93846-ce45-4c17-80ac-ef558bf9777b,4,6,7,5,4,4,1,7,7,5,7,4,7,7,7,,
a0aca24b-7732-449a-aeb1-d57a19d5c87e,4,7,7,7,7,7,7,5,6,5,5,5,4,5,5,,
009bf3a0-296a-4345-85be-e6fa024d9cb7,4,6,6,3,4,5,6,7,5,5,6,5,6,5,7,,
9920c7c6-d9c6-4f82-8d9d-1efe2798bcfb,4,5,5,5,5,6,7,6,6,5,6,4,6,7,6,,
75301c24-6ab3-4fe5-a64f-54facac49dcc,4,5,6,4,7,6,7,7,7,5,6,5,6,7,7,,
275c30b8-5467-4a55-b2d2-fbb811306e8a,4,5,3,6,5,6,6,7,5,5,6,3,5,4,4,,
5e46b884-afd3-497d-8f63-e181fcf22f92,4,6,6,7,6,6,7,7,7,5,7,6,5,6,6,7,7
7a53b03c-27e1-4d6e-be74-c6e7f2e94ae2,4,7,6,6,7,4,6,7,7,5,7,6,6,6,6,7,7
8cb283ac-99d0-4977-9352-2cc36f49361b,4,6,7,5,7,4,6,7,7,5,6,5,7,7,7,7,7
1271c1ed-4a66-47ff-ab93-c787a07d9213,4,2,6,1,5,1,7,7,5,5,4,3,3,5,1,7,7
44163a86-2d8f-40d4-bb4d-d7e4bd920827,4,2,4,3,7,7,7,5,5,5,6,5,4,6,4,7,7
54501d08-5568-4149-b1ed-6d9c70caf2e4,4,7,6,1,7,6,7,7,6,5,6,4,6,6,6,6,7
deaa1f5e-bbab-4925-8d8d-b124d7c6d507,4,1,1,4,1,4,6,4,7,5,6,4,4,4,1,7,7
6830bcbd-4729-492d-8827-a79141aadc8f,4,6,6,6,7,6,7,7,7,5,6,6,6,6,6,7,7
e4aa1f24-166f-488a-8bcb-f7239ee58c86,4,6,7,1,7,7,6,7,7,5,7,2,7,7,7,6,7
7c389ea1-2c76-464e-84c2-bf30536e6100,4,6,6,4,6,6,5,7,7,5,5,1,6,6,7,7,7
255a9405-ff96-4701-a76c-6530cbba3fbe,4,6,6,6,6,6,6,7,7,5,6,4,7,7,7,7,7
eede38eb-e8af-400b-aa9e-3c5112eb992a,4,7,7,6,7,7,6,7,7,5,5,6,6,7,7,7,7
deb78a82-0da2-4cbf-aa32-0f482c75db37,4,6,6,4,6,6,5,6,7,5,6,6,7,6,6,7,7
fe165050-2c64-424f-aef4-d7de3b87a58c,4,5,3,2,5,7,6,7,7,5,6,6,4,5,6,7,7
ee877b76-3559-4d9c-9dfc-cbbfa787eea8,4,2,3,3,2,5,6,6,5,5,7,5,2,2,1,7,7
09bef67f-3627-47cd-9a8b-302b5ef07222,4,1,1,1,1,1,7,7,3,5,1,1,1,1,1,7,7
9839a6fb-6948-472d-ae0b-c62960522a9f,4,6,6,5,7,4,6,7,5,5,7,6,6,7,7,6,7
6fde3050-af50-4911-b302-197e41f15525,4,6,7,6,7,5,7,7,7,5,6,6,6,6,7,5,7
b9b314cd-2915-489d-9912-cb2c93f2fd73,4,5,5,7,5,5,3,4,5,5,1,2,2,3,3,7,7
ee88d150-063a-4317-b7f7-27099dbe7be5,4,3,1,2,2,2,6,6,2,5,3,3,3,3,4,7,7
2bdadf69-5138-4f5b-b804-9ffb2cb74533,4,7,7,5,7,6,7,5,7,5,4,5,7,7,7,7,7
f234048d-1516-4bf8-a15b-9fc2c7cd8ff2,4,6,7,6,7,7,6,7,7,5,7,6,6,7,7,7,7
e773f9c0-976f-4232-aa00-639eef0acbfe,4,7,4,7,7,7,6,7,7,5,6,4,7,7,7,7,7
d3ac8282-9aeb-4793-a81f-cd70087c65e0,4,6,7,5,7,7,7,6,7,5,7,5,6,7,6,7,7
a242db1c-0532-4235-8c42-8455de75bf20,4,7,5,7,5,7,1,7,7,5,5,5,7,7,7,7,7
4e384cce-53f2-431d-baf7-9923885ed7e6,4,6,7,1,7,6,6,7,7,5,4,4,7,7,7,7,7
39f51489-d75c-4829-95f3-d35d36a15160,4,7,6,7,7,6,7,7,7,5,6,6,6,6,7,7,7
5955284a-2d0c-41b7-8d14-43cfcc0256d1,4,3,3,5,3,4,7,7,6,5,6,4,3,4,4,7,7
1f8c9fcd-4a8c-4782-9892-304cb80b4b4b,4,7,7,7,7,6,7,7,7,5,6,6,7,7,7,7,7
83bf451d-2119-4ec7-a643-82ce1def88a6,4,7,7,3,7,6,6,7,7,5,5,5,7,7,7,7,7
444e3780-6f0a-454f-81cb-17cbf72ef6fe,4,7,7,2,7,2,6,7,7,5,6,5,7,7,7,7,7
441ac7b1-d888-41d2-8b6a-bcd0dfca0b10,4,7,7,5,7,6,7,6,7,5,6,5,7,7,7,7,7
3110bd79-2627-4971-9f19-f54ac07671ab,4,6,7,5,7,7,5,7,7,5,5,4,6,6,6,7,7
888c3f39-1f30-4cc2-91a6-024847890bf9,4,7,6,6,4,4,7,5,7,5,6,4,7,7,7,7,7
992692d3-9022-470f-8292-c73553be11a5,4,5,6,2,7,6,6,7,6,5,6,1,5,6,7,7,7
b3344768-7da1-478c-a744-49c2524f5049,4,7,7,7,7,7,7,7,7,5,7,5,7,7,7,7,7
e49b4889-78b6-41be-9924-0a8f581e4bc3,4,7,6,4,5,5,7,7,7,5,7,4,7,7,7,7,7
55913fc1-16e5-4cae-87e3-244770b59369,4,6,6,7,6,7,7,7,7,5,6,4,6,6,7,6,7
8dbd2949-8f3e-455e-89ae-1a3d62c3736c,4,5,6,3,5,6,7,7,7,5,7,6,7,6,7,7,7
752af648-7dab-4d3d-b97d-dd51f95d32bb,4,6,3,6,6,4,2,4,7,5,3,3,6,7,6,7,7
992b7d95-c92f-481e-9083-7c5e95a4c857,4,6,7,1,5,3,7,3,7,5,7,5,6,6,7,6,7
72e5fcbb-8989-4e11-8fa1-bfedc455a2a7,4,6,7,4,7,6,7,7,7,5,5,6,6,6,7,7,7
dda4448c-515f-4223-bc78-f8f4cf897653,4,7,7,7,7,5,7,7,7,5,6,6,7,7,7,7,7
0d4a3433-a3dd-4d31-87b0-51b3728df18c,4,6,7,6,7,7,7,7,7,5,6,6,7,7,7,7,7
01d15a9b-12d4-48f5-861f-d0dc714f64ef,4,7,6,7,7,7,7,7,7,5,7,3,7,7,7,7,7
cfc2e0e6-d4aa-4c8a-8761-8ac989736496,4,6,7,7,6,6,7,7,7,5,6,5,6,7,7,6,7
bb6ad28c-e53a-46af-a61f-1706361acc3f,4,6,7,6,7,7,7,7,7,5,7,7,5,5,5,6,6
4fcd3ad2-fe46-4317-937a-cceff0bd7b8e,4,7,7,6,7,4,7,7,7,5,7,6,7,7,7,6,6
c9673434-93be-4bc4-a78f-753b815d3bc2,4,5,6,3,5,6,7,5,6,5,6,5,5,5,6,6,6
fbf3dd8b-e0a9-443e-9cc5-468816f13e15,4,6,6,7,6,6,7,7,7,5,6,5,6,6,6,3,6
81d7f683-4988-4580-a215-75d5c9c936db,4,6,5,2,4,6,7,7,7,5,6,6,5,6,6,5,6
5dff1cf5-d3bc-477e-be22-cff7777744b5,4,6,6,5,6,6,6,6,6,5,6,5,6,6,6,6,6
d7a4530b-99e7-4c51-8be3-83fc5ddb490a,4,6,6,7,7,6,6,7,7,5,7,5,6,6,6,6,6
6450d6c3-1fdd-476c-87b7-8d2cdf3e8e57,4,7,7,6,7,7,7,6,7,5,3,6,7,6,7,7,6
f7ac099d-9348-4da5-bc30-0f7cf02dbc29,4,6,6,4,6,6,7,4,4,5,7,5,6,6,4,6,6
d03dba6d-266b-41e6-a166-c1659015d6f8,4,4,6,5,5,6,5,7,6,5,6,4,5,5,6,6,6
71c10f4e-2480-487c-92cb-afc4f59a8a2f,4,7,6,5,7,4,6,7,7,5,6,4,7,7,7,7,6
a6a9265c-fee8-49b4-93d6-1f3b690cb693,4,4,2,7,6,1,7,4,5,5,6,4,5,4,1,6,6
0b214e62-1090-4cfa-ba9a-323d7ff75220,4,5,6,2,6,6,6,7,6,5,6,5,5,5,3,7,6
9049a623-495b-46e3-9e99-41fea7ea289a,4,6,7,5,7,6,7,7,7,5,5,5,7,7,7,6,6
48a2aaed-87c9-43cc-b825-d9a4a1149c73,4,7,7,6,7,7,7,6,7,5,7,7,7,7,7,6,6
04683bef-1995-41ca-a314-bf98212019e7,4,6,1,6,1,6,2,7,6,5,6,6,6,2,6,6,6
91daf8f7-8bd7-4901-ac4e-08f4010455ec,4,6,6,2,7,6,6,7,7,5,6,4,6,6,6,5,5
c237f769-fe69-46a1-b2d7-a4c3e6aef50d,4,3,3,2,3,3,2,7,5,5,5,5,5,5,5,5,5
695ce585-4fc4-4c96-acb1-a9d771268c07,4,3,2,6,4,4,5,7,5,5,5,4,2,3,4,5,5
1fd30999-46e0-4178-8662-d98af6b4839a,4,3,6,6,7,4,3,5,5,5,7,5,4,5,7,5,5
467bc469-671c-47b1-8a5e-26fa833b8b40,4,3,6,1,7,5,7,5,5,5,4,7,7,7,7,6,5
44d21b55-c372-4085-a3a2-e84a89f91f9c,4,4,4,4,4,4,6,4,6,5,7,4,4,4,4,4,5
d28e21b4-b5ce-4bbf-92ee-1108751f78e1,4,3,3,1,5,5,7,7,5,5,5,4,4,4,2,5,5
ef1dec9d-5243-4c1f-abeb-89f023784d8a,4,5,5,4,6,7,6,7,7,5,6,7,5,3,2,3,2
7ac94b59-0bc0-44f9-a93b-3abeff7bf7fc,5,6,3,4,7,5,7,6,6,5,6,7,5,5,6,,
26cfbb58-34c3-4a6b-bd68-fc6253a99e7d,5,7,7,7,7,7,7,7,7,5,7,6,7,7,7,,
8d37fc50-2815-47e4-b701-8735f90f09fe,5,6,7,5,7,6,6,7,7,5,7,7,7,7,6,,
a0342189-ca6d-46a6-b2c7-d4241eb13fba,5,1,5,7,1,1,3,5,5,5,4,4,2,2,3,,
44e95982-91c8-4e85-a0bf-3527224e0a47,5,6,5,1,6,6,7,7,7,5,7,4,5,6,7,7,7
c56ddc95-3256-44ca-9756-466192ccb441,5,7,7,7,7,4,7,7,7,5,6,5,7,7,6,7,7
3fb6809b-e699-4585-90fa-fa668dae9d6a,5,6,6,7,6,6,7,7,7,5,7,4,7,6,7,7,7
4f7acc7f-2a5a-4298-8695-b8c133c1ee12,5,7,7,7,7,7,7,7,7,5,7,7,7,7,7,4,7
1cad2b8c-9e9d-4f8e-8251-3e0dbb4d9b0f,5,6,7,5,7,7,7,6,7,5,7,7,6,7,7,7,7
7ef39174-c29b-4b3a-b2f3-403b53948e61,5,7,6,1,7,6,6,6,6,5,6,5,7,7,6,7,7
4ff74cb2-5fa6-416a-8aaa-28e11a9daa92,5,7,7,4,7,6,7,7,7,5,3,4,7,7,7,7,7
c956e96b-a84a-4889-9434-b5a45f5f1489,5,7,7,1,7,4,7,7,7,5,7,6,7,7,7,7,7
e4197105-ac90-4cab-8562-e2916a1a2cb3,5,7,7,6,7,7,7,7,7,5,6,7,7,7,7,7,7
13601543-649a-4b1b-bb06-076d49ebb5fe,5,6,6,1,7,7,7,4,7,5,6,6,6,7,6,7,7
661b2b19-8474-4db8-91f0-11fea719a97c,5,2,6,3,7,7,7,5,7,5,7,6,6,7,6,7,7
f7e5ffe7-c959-4cab-bf21-8b0611bc6a00,5,7,7,7,7,7,7,7,7,5,7,6,6,7,7,7,7
97a27e82-7d55-4e64-9103-47e1acc6dd13,5,7,7,7,7,7,7,7,7,5,6,6,7,7,7,6,7
6aa7579c-e04e-45f4-8972-903aeb60d55b,5,6,6,5,7,7,7,7,6,5,6,3,7,7,6,7,7
32afa432-098b-4c74-9a4a-2069fde691ce,5,5,6,5,3,6,4,7,7,5,3,3,3,5,5,7,7
9096afd1-691b-4233-aad2-15eb7579ec1c,5,7,6,7,4,6,7,7,7,5,7,5,7,7,7,7,7
632850d7-3a27-4c91-9c31-09a71b455d55,5,7,7,5,7,5,6,7,7,5,7,2,6,7,7,7,7
14b71917-9300-4abc-9790-62d4c085887f,5,5,6,5,5,6,6,6,6,5,7,6,6,6,7,7,7
77d16b21-9e48-4525-80be-ecf872ef60e0,5,5,6,3,4,5,7,4,6,5,6,3,5,5,5,7,7
464ea7fd-0784-487b-9165-8ee2d0eb86d7,5,7,7,6,7,4,7,7,7,5,4,4,6,7,7,7,7
08cce154-4c9e-4431-a732-0d81ac413c43,5,6,6,6,7,6,7,7,7,5,6,4,7,7,7,7,7
4be1eb7f-246a-4191-a820-cac26ad6b750,5,6,7,6,7,4,7,7,7,5,7,4,6,7,6,6,7
bd7e3504-73a9-4036-9307-d1e08e6e6625,5,6,6,6,6,7,7,7,6,5,6,4,6,6,7,7,7
9ae69848-e595-4280-b8b1-7b560696cbb1,5,6,6,5,5,6,5,7,6,5,5,4,4,4,3,7,7
4735fce2-910e-4b57-adfc-64a8b48ba2be,5,7,7,6,7,7,7,7,7,5,7,4,7,7,7,7,7
e4e2939f-c1f7-4fcf-a2b8-77b6f976884d,5,7,6,6,7,7,6,6,7,5,7,7,7,5,6,7,7
24e7ac88-7fc3-45ff-a921-ee678cf24f39,5,5,6,5,7,7,6,7,6,5,6,3,7,6,7,7,7
2c14e833-dbe8-4436-8af9-fc2b784911e0,5,6,5,6,6,5,7,6,6,5,7,2,3,3,5,7,7
2b3990a5-005f-406c-85c7-f662bb38b177,5,5,3,3,7,5,7,7,6,5,7,3,7,5,7,7,7
1d496fb6-f92a-4185-a69a-ca0fe5340337,5,6,7,7,7,7,6,7,7,5,7,4,7,7,7,7,7
718ac44d-e14c-41af-a5dc-44e97b857abe,5,7,6,7,7,5,6,7,7,5,3,2,6,7,7,7,7
f1dabcde-01c9-4c06-ac1c-4ac41a73681c,5,7,7,4,4,4,6,7,7,5,6,6,7,7,6,7,7
729baf43-2f1e-4935-801b-75655b7f70c7,5,6,6,5,6,7,5,7,7,5,7,6,6,7,7,7,7
0e67d4a6-8623-44d7-8109-4a88c6759789,5,7,7,5,7,7,7,7,7,5,6,6,7,7,7,7,7
05a36045-7d5f-4be8-9126-9092bcd246de,5,7,7,7,7,7,7,7,7,5,6,6,7,7,7,7,7
53566e03-f5d2-4c52-bc8f-26800cf88e7a,5,7,7,7,7,7,7,7,7,5,7,7,7,7,7,7,7
87167877-a78a-49b3-8bad-c62d5787f23a,5,7,7,6,6,7,7,7,7,5,6,5,6,7,7,7,7
0793bc6b-a228-40d7-b0e6-62bf8cc0bf43,5,7,7,7,7,4,7,7,7,5,7,6,7,7,7,7,7
12267126-b29e-442d-896c-ef9ea2b59de1,5,7,7,5,6,6,7,7,7,5,7,4,7,7,7,7,7
34f3348a-4984-41c8-9fe4-ef82c812facb,5,6,6,4,7,2,7,7,7,5,6,4,7,6,6,7,7
ce2dbc78-52c3-4ec5-9e93-2b9fea46617e,5,6,6,7,7,7,7,5,7,5,3,2,7,7,7,7,7
bfefa94b-fb41-494a-903f-3bb3f18fd349,5,7,7,5,6,7,7,7,7,5,7,6,7,7,7,7,7
e55c9213-ca7d-4001-a443-8ac0427e0323,5,2,6,6,6,7,7,7,5,5,2,3,2,5,5,7,7
60768d1c-88d3-439b-a60e-bb93f195b587,5,7,6,7,4,7,4,7,7,5,6,6,7,4,7,7,7
731f9a36-3e5e-42bf-a0e4-51f60837d08b,5,7,7,3,7,4,7,7,7,5,7,4,4,6,7,7,7
f365b24b-9aef-4556-b1a6-98bd9365049d,5,6,7,7,6,7,7,4,6,5,7,3,7,7,7,7,7
1fbc1452-5909-4a42-9ac4-de842d38caa1,5,6,6,7,6,7,6,7,7,5,7,5,6,6,6,7,7
f214a0da-73b8-4cce-9320-b56dd8f5bfbc,5,6,6,6,6,6,7,7,7,5,7,5,6,6,6,7,7
a94335cb-d7c5-45ce-b5d4-ae4d10716c5e,5,7,7,6,7,6,7,7,7,5,5,4,7,7,7,7,7
b1b53c6b-426c-4988-a8e6-7baacc270254,5,7,6,7,7,7,4,7,7,5,6,4,7,7,7,7,7
d1bebf86-25cb-444c-8d9e-4f1ed77da56f,5,7,7,7,7,7,7,7,7,5,6,6,7,7,7,7,7
58b6b346-dd8a-4ca4-ab98-2cc10b01eaf6,5,6,7,7,7,7,7,7,7,5,6,5,7,6,7,7,7
f147aeb3-8575-48e3-a2a1-317c006176ea,5,7,7,5,7,7,7,7,7,5,6,7,7,6,5,7,7
a0e5327d-7b40-4fb7-9f29-b2bc973e682d,5,4,4,3,6,6,7,7,7,5,7,4,6,6,6,7,7
c2e539b2-3407-4a44-8213-de09ca22c7ac,5,6,7,7,6,3,7,4,7,5,3,4,7,7,7,7,6
7ca4a86f-6545-4758-a369-f8df91e28646,5,7,7,7,7,4,7,7,7,5,7,7,4,7,7,6,6
31605639-8a15-4811-9cf5-acba3f40cbe2,5,6,5,5,5,2,3,7,5,5,6,3,5,5,3,7,6
bdc06a2a-bdea-40a5-be35-5ee901218c9f,5,4,5,5,4,5,6,6,6,5,6,3,5,6,4,6,6
af221659-951a-4aec-9d51-5343e1e51d65,5,6,4,1,3,7,7,7,6,5,7,5,7,6,5,6,6
e34811b6-ccf2-4fe7-813d-7c5694ef3d49,5,4,6,6,6,4,7,6,7,5,6,5,6,6,6,6,6
58b5809a-2f69-4dd9-8a62-fa0745422872,5,6,6,3,4,6,7,6,6,5,6,3,5,3,2,5,6
805f63d0-b754-4c63-bc89-af68acc8a2e6,5,6,6,6,6,6,7,7,7,5,7,6,6,6,7,6,6
f958d71f-bb34-4361-8fa5-b34101347d7c,5,3,3,4,6,4,5,5,5,5,4,5,5,4,4,6,6
8f0f0f71-1dd2-4e59-ae22-ad629189da31,5,6,6,6,7,4,7,7,7,5,6,6,6,7,6,6,6
cda9a010-7d21-419a-8769-63f2a669b7e4,5,6,6,7,7,6,7,7,7,5,6,6,7,7,6,7,6
da3344aa-ab69-44df-812d-bda26008a24f,5,6,3,3,5,5,7,7,7,5,7,2,5,5,4,6,6
c73dc175-4825-494b-957e-1bce9d71040c,5,4,5,6,4,5,2,5,7,5,3,4,5,5,5,6,5
b08d3520-9477-49e1-8e60-f99a70d95e82,5,6,7,2,7,6,7,7,7,5,7,2,6,6,6,5,5
b5ffff38-1808-45f7-b389-8dcb4f4f00d7,5,4,6,6,6,5,6,5,5,5,6,5,6,6,6,5,5
c5d800e7-b766-4f43-8a2f-4a2f6400fdb1,5,6,5,5,3,5,3,7,7,5,4,4,6,7,7,5,5
7ba6c296-159d-4d81-a5b8-1ee75eca61a2,5,4,4,4,4,4,5,5,6,5,5,3,5,4,5,5,5
07de0add-1abb-4b80-9db1-98412b2d0e1a,5,5,3,5,5,4,7,7,7,5,7,5,5,5,4,4,5
6a872a63-307f-4dbc-ab2d-e03957c78f8b,5,5,4,3,4,4,5,5,5,5,4,4,4,4,4,4,4
54b7207f-097b-49fc-8834-8abba40092ad,5,3,4,3,4,4,6,4,6,5,6,4,4,5,4,4,4
44e3283c-a951-43d6-aa4c-29879fc405f2,5,6,5,6,6,7,4,6,7,5,6,5,6,5,7,7,4
e882bb3e-daf4-4498-ae68-a4bbdc531a35,5,7,6,2,5,6,7,7,7,5,6,7,6,7,7,1,2